<?xml version="1.0" encoding="UTF-8"?>
<project-private xmlns="http://www.netbeans.org/ns/project-private/1">
    <editor-bookmarks xmlns="http://www.netbeans.org/ns/editor-bookmarks/2" lastBookmarkId="0"/>
    <open-files xmlns="http://www.netbeans.org/ns/projectui-open-files/2">
        <group>
            <file>file:/C:/Users/Manjitha%20Kaluarachch/Desktop/SchoolManagementSystem/SchoolManagementSystem/src/Home.java</file>
            <file>file:/C:/Users/Manjitha%20Kaluarachch/Desktop/SchoolManagementSystem/SchoolManagementSystem/src/Student.java</file>
            <file>file:/C:/Users/Manjitha%20Kaluarachch/Desktop/SchoolManagementSystem/SchoolManagementSystem/src/allTeachers.java</file>
            <file>file:/C:/Users/Manjitha%20Kaluarachch/Desktop/SchoolManagementSystem/SchoolManagementSystem/src/allStudents.java</file>
            <file>file:/C:/Users/Manjitha%20Kaluarachch/Desktop/SchoolManagementSystem/SchoolManagementSystem/src/teacher.java</file>
            <file>file:/C:/Users/Manjitha%20Kaluarachch/Desktop/SchoolManagementSystem/SchoolManagementSystem/src/Login.java</file>
            <file>file:/C:/Users/Manjitha%20Kaluarachch/Desktop/SchoolManagementSystem/SchoolManagementSystem/src/Pricipal.java</file>
        </group>
    </open-files>
</project-private>
